Position,,Residue,Charge,MW,Volume
1,,M,0,149.21,0.18084252
2,,A,0,89.09,0.10797708
3,,E,-0.999,147.13,0.17832156
4,,P,0,115.13,0.13953756
5,,R,1,174.2,0.2111304
6,,Q,0,146.15,0.1771338
7,,E,-0.999,147.13,0.17832156
8,,F,0,165.19,0.20021028
9,,E,-0.999,147.13,0.17832156
10,,V,0,117.15,0.1419858
11,,M,0,149.21,0.18084252
12,,E,-0.999,147.13,0.17832156
13,,D,-1,133.1,0.1613172
14,,H,0.045,155.16,0.18805392
15,,A,0,89.09,0.10797708
16,,G,0,75.07,0.09098484
17,,T,0,119.12,0.14437344
18,,Y,-0.004,181.19,0.21960228
19,,G,0,75.07,0.09098484
20,,L,0,131.18,0.15899016
21,,G,0,75.07,0.09098484
22,,D,-1,133.1,0.1613172
23,,R,1,174.2,0.2111304
24,,K,0.996,146.19,0.17718228
25,,D,-1,133.1,0.1613172
26,,Q,0,146.15,0.1771338
27,,G,0,75.07,0.09098484
28,,G,0,75.07,0.09098484
29,,Y,-0.004,181.19,0.21960228
30,,T,0,119.12,0.14437344
31,,M,0,149.21,0.18084252
32,,H,0.045,155.16,0.18805392
33,,Q,0,146.15,0.1771338
34,,D,-1,133.1,0.1613172
35,,Q,0,146.15,0.1771338
36,,E,-0.999,147.13,0.17832156
37,,G,0,75.07,0.09098484
38,,D,-1,133.1,0.1613172
39,,T,0,119.12,0.14437344
40,,D,-1,133.1,0.1613172
41,,A,0,89.09,0.10797708
42,,G,0,75.07,0.09098484
43,,L,0,131.18,0.15899016
44,,K,0.996,146.19,0.17718228
45,,E,-0.999,147.13,0.17832156
46,,S,0,105.09,0.12736908
47,,P,0,115.13,0.13953756
48,,L,0,131.18,0.15899016
49,,Q,0,146.15,0.1771338
50,,T,0,119.12,0.14437344
51,,P,0,115.13,0.13953756
52,,T,0,119.12,0.14437344
53,,E,-0.999,147.13,0.17832156
54,,D,-1,133.1,0.1613172
55,,G,0,75.07,0.09098484
56,,S,0,105.09,0.12736908
57,,E,-0.999,147.13,0.17832156
58,,E,-0.999,147.13,0.17832156
59,,P,0,115.13,0.13953756
60,,G,0,75.07,0.09098484
61,,S,0,105.09,0.12736908
62,,E,-0.999,147.13,0.17832156
63,,T,0,119.12,0.14437344
64,,S,0,105.09,0.12736908
65,,D,-1,133.1,0.1613172
66,,A,0,89.09,0.10797708
67,,K,0.996,146.19,0.17718228
68,,S,0,105.09,0.12736908
69,,T,0,119.12,0.14437344
70,,P,0,115.13,0.13953756
71,,T,0,119.12,0.14437344
72,,A,0,89.09,0.10797708
73,,E,-0.999,147.13,0.17832156
74,,D,-1,133.1,0.1613172
75,,V,0,117.15,0.1419858
76,,T,0,119.12,0.14437344
77,,A,0,89.09,0.10797708
78,,P,0,115.13,0.13953756
79,,L,0,131.18,0.15899016
80,,V,0,117.15,0.1419858
81,,D,-1,133.1,0.1613172
82,,E,-0.999,147.13,0.17832156
83,,G,0,75.07,0.09098484
84,,A,0,89.09,0.10797708
85,,P,0,115.13,0.13953756
86,,G,0,75.07,0.09098484
87,,K,0.996,146.19,0.17718228
88,,Q,0,146.15,0.1771338
89,,A,0,89.09,0.10797708
90,,A,0,89.09,0.10797708
91,,A,0,89.09,0.10797708
92,,Q,0,146.15,0.1771338
93,,P,0,115.13,0.13953756
94,,H,0.045,155.16,0.18805392
95,,T,0,119.12,0.14437344
96,,E,-0.999,147.13,0.17832156
97,,I,0,131.18,0.15899016
98,,P,0,115.13,0.13953756
99,,E,-0.999,147.13,0.17832156
100,,G,0,75.07,0.09098484
101,,T,0,119.12,0.14437344
102,,T,0,119.12,0.14437344
103,,A,0,89.09,0.10797708
104,,E,-0.999,147.13,0.17832156
105,,E,-0.999,147.13,0.17832156
106,,A,0,89.09,0.10797708
107,,G,0,75.07,0.09098484
108,,I,0,131.18,0.15899016
109,,G,0,75.07,0.09098484
110,,D,-1,133.1,0.1613172
111,,T,0,119.12,0.14437344
112,,P,0,115.13,0.13953756
113,,S,0,105.09,0.12736908
114,,L,0,131.18,0.15899016
115,,E,-0.999,147.13,0.17832156
116,,D,-1,133.1,0.1613172
117,,E,-0.999,147.13,0.17832156
118,,A,0,89.09,0.10797708
119,,A,0,89.09,0.10797708
120,,G,0,75.07,0.09098484
121,,H,0.045,155.16,0.18805392
122,,V,0,117.15,0.1419858
123,,T,0,119.12,0.14437344
124,,Q,0,146.15,0.1771338
125,,A,0,89.09,0.10797708
126,,R,1,174.2,0.2111304
127,,M,0,149.21,0.18084252
128,,V,0,117.15,0.1419858
129,,S,0,105.09,0.12736908
130,,K,0.996,146.19,0.17718228
131,,S,0,105.09,0.12736908
132,,K,0.996,146.19,0.17718228
133,,D,-1,133.1,0.1613172
134,,G,0,75.07,0.09098484
135,,T,0,119.12,0.14437344
136,,G,0,75.07,0.09098484
137,,S,0,105.09,0.12736908
138,,D,-1,133.1,0.1613172
139,,D,-1,133.1,0.1613172
140,,K,0.996,146.19,0.17718228
141,,K,0.996,146.19,0.17718228
142,,A,0,89.09,0.10797708
143,,K,0.996,146.19,0.17718228
144,,G,0,75.07,0.09098484
145,,A,0,89.09,0.10797708
146,,D,-1,133.1,0.1613172
147,,G,0,75.07,0.09098484
148,,K,0.996,146.19,0.17718228
149,,T,0,119.12,0.14437344
150,,K,0.996,146.19,0.17718228
151,,I,0,131.18,0.15899016
152,,A,0,89.09,0.10797708
153,,T,0,119.12,0.14437344
154,,P,0,115.13,0.13953756
155,,R,1,174.2,0.2111304
156,,G,0,75.07,0.09098484
157,,A,0,89.09,0.10797708
158,,A,0,89.09,0.10797708
159,,P,0,115.13,0.13953756
160,,P,0,115.13,0.13953756
161,,G,0,75.07,0.09098484
162,,Q,0,146.15,0.1771338
163,,K,0.996,146.19,0.17718228
164,,G,0,75.07,0.09098484
165,,Q,0,146.15,0.1771338
166,,A,0,89.09,0.10797708
167,,N,0,132.12,0.16012944
168,,A,0,89.09,0.10797708
169,,T,0,119.12,0.14437344
170,,R,1,174.2,0.2111304
171,,I,0,131.18,0.15899016
172,,P,0,115.13,0.13953756
173,,A,0,89.09,0.10797708
174,,K,0.996,146.19,0.17718228
175,,T,0,119.12,0.14437344
176,,P,0,115.13,0.13953756
177,,P,0,115.13,0.13953756
178,,A,0,89.09,0.10797708
179,,P,0,115.13,0.13953756
180,,K,0.996,146.19,0.17718228
181,,T,0,119.12,0.14437344
182,,P,0,115.13,0.13953756
183,,P,0,115.13,0.13953756
184,,S,0,105.09,0.12736908
185,,S,0,105.09,0.12736908
186,,G,0,75.07,0.09098484
187,,E,-0.999,147.13,0.17832156
188,,P,0,115.13,0.13953756
189,,P,0,115.13,0.13953756
190,,K,0.996,146.19,0.17718228
191,,S,0,105.09,0.12736908
192,,G,0,75.07,0.09098484
193,,D,-1,133.1,0.1613172
194,,R,1,174.2,0.2111304
195,,S,0,105.09,0.12736908
196,,G,0,75.07,0.09098484
197,,Y,-0.004,181.19,0.21960228
198,,S,0,105.09,0.12736908
199,,S,0,105.09,0.12736908
200,,P,0,115.13,0.13953756
201,,G,0,75.07,0.09098484
202,,S,0,105.09,0.12736908
203,,P,0,115.13,0.13953756
204,,G,0,75.07,0.09098484
205,,T,0,119.12,0.14437344
206,,P,0,115.13,0.13953756
207,,G,0,75.07,0.09098484
208,,S,0,105.09,0.12736908
209,,R,1,174.2,0.2111304
210,,S,0,105.09,0.12736908
211,,R,1,174.2,0.2111304
212,,T,0,119.12,0.14437344
213,,P,0,115.13,0.13953756
214,,S,0,105.09,0.12736908
215,,L,0,131.18,0.15899016
216,,P,0,115.13,0.13953756
217,,T,0,119.12,0.14437344
218,,P,0,115.13,0.13953756
219,,P,0,115.13,0.13953756
220,,T,0,119.12,0.14437344
221,,R,1,174.2,0.2111304
222,,E,-0.999,147.13,0.17832156
223,,P,0,115.13,0.13953756
224,,K,0.996,146.19,0.17718228
225,,K,0.996,146.19,0.17718228
226,,V,0,117.15,0.1419858
227,,A,0,89.09,0.10797708
228,,V,0,117.15,0.1419858
229,,V,0,117.15,0.1419858
230,,R,1,174.2,0.2111304
231,,T,0,119.12,0.14437344
232,,P,0,115.13,0.13953756
233,,P,0,115.13,0.13953756
234,,K,0.996,146.19,0.17718228
235,,S,0,105.09,0.12736908
236,,P,0,115.13,0.13953756
237,,S,0,105.09,0.12736908
238,,S,0,105.09,0.12736908
239,,A,0,89.09,0.10797708
240,,K,0.996,146.19,0.17718228
241,,S,0,105.09,0.12736908
242,,R,1,174.2,0.2111304
243,,L,0,131.18,0.15899016
244,,Q,0,146.15,0.1771338
245,,T,0,119.12,0.14437344
246,,A,0,89.09,0.10797708
247,,P,0,115.13,0.13953756
248,,V,0,117.15,0.1419858
249,,P,0,115.13,0.13953756
250,,M,0,149.21,0.18084252
251,,P,0,115.13,0.13953756
252,,D,-1,133.1,0.1613172
253,,L,0,131.18,0.15899016
254,,K,0.996,146.19,0.17718228
255,,N,0,132.12,0.16012944
256,,V,0,117.15,0.1419858
257,,K,0.996,146.19,0.17718228
258,,S,0,105.09,0.12736908
259,,K,0.996,146.19,0.17718228
260,,I,0,131.18,0.15899016
261,,G,0,75.07,0.09098484
262,,S,0,105.09,0.12736908
263,,T,0,119.12,0.14437344
264,,E,-0.999,147.13,0.17832156
265,,N,0,132.12,0.16012944
266,,L,0,131.18,0.15899016
267,,K,0.996,146.19,0.17718228
268,,H,0.045,155.16,0.18805392
269,,Q,0,146.15,0.1771338
270,,P,0,115.13,0.13953756
271,,G,0,75.07,0.09098484
272,,G,0,75.07,0.09098484
273,,G,0,75.07,0.09098484
274,,K,0.996,146.19,0.17718228
275,,V,0,117.15,0.1419858
276,,Q,0,146.15,0.1771338
277,,I,0,131.18,0.15899016
278,,I,0,131.18,0.15899016
279,,N,0,132.12,0.16012944
280,,K,0.996,146.19,0.17718228
281,,K,0.996,146.19,0.17718228
282,,L,0,131.18,0.15899016
283,,D,-1,133.1,0.1613172
284,,L,0,131.18,0.15899016
285,,S,0,105.09,0.12736908
286,,N,0,132.12,0.16012944
287,,V,0,117.15,0.1419858
288,,Q,0,146.15,0.1771338
289,,S,0,105.09,0.12736908
290,,K,0.996,146.19,0.17718228
291,,C,-0.117,121.16,0.14684592
292,,G,0,75.07,0.09098484
293,,S,0,105.09,0.12736908
294,,K,0.996,146.19,0.17718228
295,,D,-1,133.1,0.1613172
296,,N,0,132.12,0.16012944
297,,I,0,131.18,0.15899016
298,,K,0.996,146.19,0.17718228
299,,H,0.045,155.16,0.18805392
300,,V,0,117.15,0.1419858
301,,P,0,115.13,0.13953756
302,,G,0,75.07,0.09098484
303,,G,0,75.07,0.09098484
304,,G,0,75.07,0.09098484
305,,S,0,105.09,0.12736908
306,,V,0,117.15,0.1419858
307,,Q,0,146.15,0.1771338
308,,I,0,131.18,0.15899016
309,,V,0,117.15,0.1419858
310,,Y,-0.004,181.19,0.21960228
311,,K,0.996,146.19,0.17718228
312,,P,0,115.13,0.13953756
313,,V,0,117.15,0.1419858
314,,D,-1,133.1,0.1613172
315,,L,0,131.18,0.15899016
316,,S,0,105.09,0.12736908
317,,K,0.996,146.19,0.17718228
318,,V,0,117.15,0.1419858
319,,T,0,119.12,0.14437344
320,,S,0,105.09,0.12736908
321,,K,0.996,146.19,0.17718228
322,,C,-0.117,121.16,0.14684592
323,,G,0,75.07,0.09098484
324,,S,0,105.09,0.12736908
325,,L,0,131.18,0.15899016
326,,G,0,75.07,0.09098484
327,,N,0,132.12,0.16012944
328,,I,0,131.18,0.15899016
329,,H,0.045,155.16,0.18805392
330,,H,0.045,155.16,0.18805392
331,,K,0.996,146.19,0.17718228
332,,P,0,115.13,0.13953756
333,,G,0,75.07,0.09098484
334,,G,0,75.07,0.09098484
335,,G,0,75.07,0.09098484
336,,Q,0,146.15,0.1771338
337,,V,0,117.15,0.1419858
338,,E,-0.999,147.13,0.17832156
339,,V,0,117.15,0.1419858
340,,K,0.996,146.19,0.17718228
341,,S,0,105.09,0.12736908
342,,E,-0.999,147.13,0.17832156
343,,K,0.996,146.19,0.17718228
344,,L,0,131.18,0.15899016
345,,D,-1,133.1,0.1613172
346,,F,0,165.19,0.20021028
347,,K,0.996,146.19,0.17718228
348,,D,-1,133.1,0.1613172
349,,R,1,174.2,0.2111304
350,,V,0,117.15,0.1419858
351,,Q,0,146.15,0.1771338
352,,S,0,105.09,0.12736908
353,,K,0.996,146.19,0.17718228
354,,I,0,131.18,0.15899016
355,,G,0,75.07,0.09098484
356,,S,0,105.09,0.12736908
357,,L,0,131.18,0.15899016
358,,D,-1,133.1,0.1613172
359,,N,0,132.12,0.16012944
360,,I,0,131.18,0.15899016
361,,T,0,119.12,0.14437344
362,,H,0.045,155.16,0.18805392
363,,V,0,117.15,0.1419858
364,,P,0,115.13,0.13953756
365,,G,0,75.07,0.09098484
366,,G,0,75.07,0.09098484
367,,G,0,75.07,0.09098484
368,,N,0,132.12,0.16012944
369,,K,0.996,146.19,0.17718228
370,,K,0.996,146.19,0.17718228
371,,I,0,131.18,0.15899016
372,,E,-0.999,147.13,0.17832156
373,,T,0,119.12,0.14437344
374,,H,0.045,155.16,0.18805392
375,,K,0.996,146.19,0.17718228
376,,L,0,131.18,0.15899016
377,,T,0,119.12,0.14437344
378,,F,0,165.19,0.20021028
379,,R,1,174.2,0.2111304
380,,E,-0.999,147.13,0.17832156
381,,N,0,132.12,0.16012944
382,,A,0,89.09,0.10797708
383,,K,0.996,146.19,0.17718228
384,,A,0,89.09,0.10797708
385,,K,0.996,146.19,0.17718228
386,,T,0,119.12,0.14437344
387,,D,-1,133.1,0.1613172
388,,H,0.045,155.16,0.18805392
389,,G,0,75.07,0.09098484
390,,A,0,89.09,0.10797708
391,,E,-0.999,147.13,0.17832156
392,,I,0,131.18,0.15899016
393,,V,0,117.15,0.1419858
394,,Y,-0.004,181.19,0.21960228
395,,K,0.996,146.19,0.17718228
396,,S,0,105.09,0.12736908
397,,P,0,115.13,0.13953756
398,,V,0,117.15,0.1419858
399,,V,0,117.15,0.1419858
400,,S,0,105.09,0.12736908
401,,G,0,75.07,0.09098484
402,,D,-1,133.1,0.1613172
403,,T,0,119.12,0.14437344
404,,S,0,105.09,0.12736908
405,,P,0,115.13,0.13953756
406,,R,1,174.2,0.2111304
407,,H,0.045,155.16,0.18805392
408,,L,0,131.18,0.15899016
409,,S,0,105.09,0.12736908
410,,N,0,132.12,0.16012944
411,,V,0,117.15,0.1419858
412,,S,0,105.09,0.12736908
413,,S,0,105.09,0.12736908
414,,T,0,119.12,0.14437344
415,,G,0,75.07,0.09098484
416,,S,0,105.09,0.12736908
417,,I,0,131.18,0.15899016
418,,D,-1,133.1,0.1613172
419,,M,0,149.21,0.18084252
420,,V,0,117.15,0.1419858
421,,D,-1,133.1,0.1613172
422,,S,0,105.09,0.12736908
423,,P,0,115.13,0.13953756
424,,Q,0,146.15,0.1771338
425,,L,0,131.18,0.15899016
426,,A,0,89.09,0.10797708
427,,T,0,119.12,0.14437344
428,,L,0,131.18,0.15899016
429,,A,0,89.09,0.10797708
430,,D,-1,133.1,0.1613172
431,,E,-0.999,147.13,0.17832156
432,,V,0,117.15,0.1419858
433,,S,0,105.09,0.12736908
434,,A,0,89.09,0.10797708
435,,S,0,105.09,0.12736908
436,,L,0,131.18,0.15899016
437,,A,0,89.09,0.10797708
438,,K,0.996,146.19,0.17718228
439,,Q,0,146.15,0.1771338
440,,G,0,75.07,0.09098484
441,,L,-0.005,131.18,0.15899016
