,aa_index,charge_in_pore,volume_in_pore
0,1,0.0,0.0
1,2,0.0,0.18084252
2,3,0.0,0.2888196
3,4,-1.0,0.46714116
4,5,-1.0,0.60667872
5,6,0.0,0.81780912
6,7,0.0,0.99494292
7,8,-1.0,1.1732644799999998
8,9,-1.0,1.37347476
9,10,-2.0,1.5517963199999998
10,11,-2.0,1.6937821199999998
11,12,-2.0,1.87462464
12,13,-3.0,2.0529462
13,14,-4.0,2.2142634
14,15,-3.5,2.4023173200000003
15,16,-3.5,2.5102944000000003
16,17,-3.5,2.60127924
17,18,-3.5,2.74565268
18,19,-3.5,2.96525496
19,20,-3.5,3.0562398
20,21,-3.5,3.2152299600000003
21,22,-3.5,3.3062148000000002
22,23,-4.5,3.4675320000000003
23,24,-3.5,3.6786624000000003
24,25,-2.5,3.85584468
25,26,-3.5,4.01716188
26,27,-3.5,4.19429568
27,28,-3.5,4.28528052
28,29,-3.5,4.37626536
29,30,-3.5,4.59586764
30,31,-3.5,4.74024108
31,32,-3.5,4.921083599999999
32,33,-3.0,5.109137519999999
33,34,-3.0,5.286271319999999
34,35,-4.0,5.447588519999999
35,36,-4.0,5.624722319999999
36,37,-5.0,5.803043879999999
37,38,-5.0,5.894028719999999
38,39,-6.0,6.055345919999999
39,40,-6.0,6.199719359999999
40,41,-7.0,6.361036559999999
41,42,-7.0,6.469013639999999
42,43,-7.0,6.559998479999999
43,44,-7.0,6.718988639999999
44,45,-6.0,6.896170919999999
45,46,-7.0,7.074492479999999
46,47,-7.0,7.201861559999999
47,48,-7.0,7.341399119999999
48,49,-7.0,7.500389279999999
49,50,-7.0,7.677523079999999
50,51,-7.0,7.821896519999999
51,52,-7.0,7.961434079999999
52,53,-7.0,8.105807519999999
53,54,-8.0,8.28412908
54,55,-9.0,8.445446279999999
55,56,-9.0,8.53643112
56,57,-9.0,8.663800199999999
57,58,-10.0,8.84212176
58,59,-11.0,9.02044332
59,60,-11.0,9.15998088
60,61,-11.0,9.250965720000002
61,62,-11.0,9.378334800000001
62,63,-12.0,9.556656360000002
63,64,-12.0,9.701029800000002
64,65,-12.0,9.828398880000002
65,66,-13.0,9.98971608
66,67,-13.0,10.09769316
67,68,-12.0,10.27487544
68,69,-12.0,10.40224452
69,70,-12.0,10.54661796
70,71,-12.0,10.686155520000002
71,72,-12.0,10.830528960000002
72,73,-12.0,10.938506040000002
73,74,-13.0,11.116827600000002
74,75,-14.0,11.278144800000002
75,76,-14.0,11.420130600000002
76,77,-14.0,11.564504040000003
77,78,-14.0,11.672481120000002
78,79,-14.0,11.812018680000003
79,80,-14.0,11.971008840000003
80,81,-14.0,12.112994640000004
81,82,-15.0,12.274311840000003
82,83,-16.0,12.452633400000003
83,84,-16.0,12.543618240000004
84,85,-16.0,12.651595320000004
85,86,-16.0,12.791132880000005
86,87,-16.0,12.701275200000007
87,88,-15.0,12.770480400000006
88,89,-14.0,12.769292640000005
89,90,-14.0,12.737732160000006
90,91,-15.0,12.634578840000005
91,92,-15.0,12.565422120000004
92,93,-14.0,12.564234360000002
93,94,-14.0,12.503561640000003
94,95,-12.5,12.513294000000004
95,96,-12.5,12.515681640000002
96,97,-13.5,12.513160680000004
97,98,-12.5,12.493829280000005
98,99,-11.5,12.472049640000007
99,100,-13.0,12.462317280000008
100,101,-13.0,12.445325040000009
101,102,-13.0,12.498713640000007
102,103,-13.0,12.498713640000007
103,104,-13.0,12.387088440000007
104,105,-14.0,12.474425160000008
105,106,-15.0,12.493756560000008
106,107,-15.0,12.510748800000007
107,108,-14.0,12.440416440000007
108,109,-15.0,12.388276200000007
109,110,-16.0,12.302078760000008
110,111,-16.0,12.302078760000006
111,112,-16.0,12.269318400000007
112,113,-16.0,12.317871120000008
113,114,-16.0,12.354255360000009
114,115,-16.0,12.293643240000007
115,116,-17.0,12.327591360000007
116,117,-18.0,12.308066040000005
117,118,-19.5,12.298333680000006
118,119,-19.5,12.229176960000006
119,120,-18.5,12.175836840000006
120,121,-18.5,12.089687880000008
121,122,-17.0,12.099420240000008
122,123,-17.0,12.15042120000001
123,124,-16.0,12.133477440000009
124,125,-16.0,12.166237800000008
125,126,-15.0,12.112897680000007
126,127,-14.0,12.216051000000006
127,128,-14.0,12.305908680000005
128,129,-14.0,12.288904320000006
129,130,-15.0,12.239091120000003
130,131,-13.0,12.237951840000003
131,132,-13.0,12.237951840000001
132,133,-12.0,12.275596560000002
133,134,-13.0,12.277923600000001
134,135,-13.0,12.191774640000002
135,136,-13.0,12.191774640000002
136,137,-13.0,12.143221920000002
137,138,-13.0,12.126217560000002
138,139,-13.0,12.109213200000001
139,140,-13.0,12.109213200000001
140,141,-12.0,12.19541064
141,142,-11.0,12.245223840000001
142,143,-10.0,12.17487936
143,144,-8.0,12.17374008
144,145,-8.0,12.12518736
145,146,-8.0,12.1421796
146,147,-9.0,12.176127719999998
147,148,-8.0,12.088791
148,149,-7.0,12.12159984
149,150,-7.0,12.138604200000001
150,151,-5.0,12.15446928
151,152,-5.0,12.20548236
152,153,-6.0,12.136277159999999
153,154,-6.0,12.15328152
154,155,-6.0,12.148445640000002
155,156,-5.0,12.220038480000001
156,157,-5.0,12.166649880000003
157,158,-5.0,12.166649880000001
158,159,-4.0,12.0963054
159,160,-3.0,12.074525760000002
160,161,-3.0,12.072077520000004
161,162,-3.0,12.018688920000004
162,163,-3.0,12.087845640000005
163,164,-2.0,12.125490360000006
164,165,-2.0,12.057485040000005
165,166,-2.0,12.092633040000004
166,167,-1.0,12.039292920000005
167,168,0.0,12.021100800000006
168,169,0.0,12.038093040000007
169,170,0.0,12.074489400000006
170,171,1.0,12.146082240000005
171,172,1.0,12.214087560000007
172,173,0.0,12.176442840000009
173,174,0.0,12.107286120000008
174,175,1.0,12.176491320000009
175,176,1.0,12.21288768000001
176,177,1.0,12.24444816000001
177,178,1.0,12.20685192000001
178,179,1.0,12.17529144000001
179,180,0.5,12.12677508000001
180,181,1.5,12.159583920000012
181,182,2.5,12.125635800000012
182,183,2.5,12.106183200000013
183,184,2.5,12.106183200000013
184,185,3.5,12.055230720000012
185,186,3.5,12.091614960000012
186,187,3.5,12.038226360000012
187,188,2.5,12.072174480000013
188,189,2.5,12.103734960000013
189,190,3.5,12.064950960000012
190,191,5.5,12.063811680000011
191,192,5.5,12.083203680000011
192,193,5.5,12.083203680000011
193,194,4.5,12.08553072000001
194,195,5.5,12.20567628000001
195,196,6.5,12.17172816000001
196,197,6.5,12.11833956000001
197,198,6.5,12.19840428000001
198,199,6.5,12.198404280000009
199,200,6.5,12.166783200000008
200,201,7.5,12.127999200000009
201,202,8.5,12.05766684000001
202,203,9.5,12.006714360000009
203,204,9.5,12.03827484000001
204,205,9.5,12.021282600000012
205,206,9.5,12.07467120000001
206,207,9.0,12.026154840000011
207,208,9.0,11.975153880000011
208,209,9.0,11.95814952000001
209,210,10.0,11.992146120000008
210,211,10.0,12.011538120000008
211,212,10.0,12.011538120000006
212,213,10.0,11.975069040000006
213,214,10.0,11.972620800000009
214,215,10.0,11.972620800000009
215,216,9.0,11.954428680000007
216,217,9.0,11.966597160000006
217,218,8.0,11.933788320000007
218,219,9.0,11.912008680000008
219,220,9.0,11.960561400000008
220,221,9.0,11.96056140000001
221,222,10.0,12.08070696000001
222,223,9.0,12.13165944000001
223,224,10.0,12.10987980000001
224,225,12.0,12.125744880000012
225,226,12.0,12.12574488000001
226,227,11.0,12.090548400000012
227,228,11.0,12.090548400000012
228,229,10.0,12.055351920000012
229,230,10.0,12.106352880000012
230,231,11.0,12.209506200000012
231,232,12.0,12.192562440000012
232,233,12.0,12.24111516000001
233,234,11.0,12.203470440000011
234,235,12.0,12.23627928000001
235,236,11.0,12.18646608000001
236,237,11.0,12.16701348000001
237,238,11.0,12.18640548000001
238,239,11.0,12.16940112000001
239,240,11.0,12.13784064000001
240,241,11.0,12.103892520000008
241,242,11.0,12.140276760000008
242,243,12.0,12.243430080000007
243,244,12.0,12.294443160000007
244,245,12.0,12.332039400000008
245,246,12.0,12.336875280000008
246,247,12.0,12.353867520000007
247,248,12.0,12.316271280000006
248,249,11.0,12.281074800000006
249,250,11.0,12.329627520000004
250,251,11.0,12.333336240000007
251,252,11.0,12.364896720000006
252,253,10.0,12.366084480000005
253,254,10.0,12.417097560000004
254,255,11.0,12.449906400000005
255,256,10.0,12.398905440000005
256,257,10.0,12.381901080000006
257,258,11.0,12.419545800000005
258,259,11.0,12.438937800000003
259,260,11.0,12.438937800000003
260,261,11.0,12.453554520000003
261,262,11.0,12.405001800000003
262,263,11.0,12.392833320000001
263,264,11.0,12.42922968
264,265,10.0,12.468013680000002
265,266,9.0,12.450960840000002
266,267,9.0,12.465577560000003
267,268,10.0,12.503222280000003
268,269,10.5,12.551738640000005
269,270,10.5,12.601503360000004
270,271,10.5,12.613671840000006
271,272,10.5,12.613671840000007
272,273,11.5,12.526335120000008
273,274,11.5,12.47778240000001
274,275,12.5,12.515427120000009
275,276,11.5,12.48023064000001
276,277,11.5,12.52999536000001
277,278,11.5,12.598000680000009
278,279,12.5,12.595673640000008
279,280,11.5,12.544672680000009
280,281,12.5,12.59448588000001
281,282,13.5,12.680683320000007
282,283,13.5,12.620071200000007
283,284,12.5,12.654019320000007
284,285,12.5,12.685640400000008
285,286,12.5,12.673471920000006
286,287,12.5,12.742616520000007
287,288,12.5,12.757233240000009
288,289,12.5,12.794829480000008
289,290,12.5,12.831213720000008
290,291,13.5,12.86402256000001
291,292,13.5,12.871330920000009
292,293,13.5,12.871330920000009
293,294,13.5,12.871330920000009
294,295,13.5,12.83738280000001
295,296,12.5,12.871330920000005
296,297,11.5,12.820329960000006
297,298,11.5,12.834946680000005
298,299,12.5,12.872591400000005
299,300,13.0,12.933276240000005
300,301,13.0,12.916271880000005
301,302,13.0,12.916271880000007
302,303,13.0,12.862883280000007
303,304,13.0,12.814330560000007
304,305,13.0,12.765777840000007
305,306,13.0,12.748773480000004
306,307,12.0,12.679628880000005
307,308,13.0,12.678441120000004
308,309,13.0,12.697893720000005
309,310,12.0,12.662697240000005
310,311,11.0,12.705117240000005
311,312,12.0,12.740313720000005
312,313,12.0,12.771874200000006
313,314,12.0,12.771874200000006
314,315,11.0,12.791205600000007
315,316,10.0,12.739065360000007
316,317,10.0,12.722061000000007
317,318,11.0,12.759705720000007
318,319,11.0,12.762153960000008
319,320,10.0,12.729345120000009
320,321,10.0,12.729345120000007
321,322,11.0,12.766989840000008
322,323,11.0,12.786466680000007
323,324,11.0,12.750082440000009
324,325,11.0,12.769474440000007
325,326,10.0,12.751282320000007
326,327,10.0,12.714898080000008
327,328,9.0,12.663897120000009
328,329,9.0,12.663897120000009
329,330,9.5,12.67481724000001
330,331,10.0,12.718497720000009
331,332,11.0,12.78770292000001
332,333,11.0,12.78770292000001
333,334,11.0,12.73670196000001
334,335,11.0,12.68814924000001
335,336,11.0,12.59829156000001
336,337,11.0,12.63588780000001
337,338,12.0,12.61655640000001
338,339,11.0,12.63588780000001
339,340,10.0,12.60069132000001
340,341,11.0,12.61774416000001
341,342,11.0,12.603127440000007
342,343,9.0,12.604266720000007
343,344,10.0,12.654079920000008
344,345,9.0,12.635887800000006
345,346,8.0,12.638214840000005
346,347,8.0,12.747440280000006
347,348,9.0,12.797253480000007
348,349,8.0,12.814197240000006
349,350,10.0,12.847006080000007
350,351,10.0,12.828862440000007
351,352,10.0,12.847006080000005
352,353,9.0,12.797192880000006
353,354,9.5,12.786321240000005
354,355,9.5,12.768177600000005
355,356,9.5,12.719624880000005
356,357,9.5,12.756009120000003
357,358,9.5,12.824014440000004
358,359,8.5,12.894346800000003
359,360,7.5,12.877293960000003
360,361,7.5,12.894298320000004
361,362,7.5,12.861537960000005
362,363,8.0,12.890601720000005
363,364,8.0,12.873597360000005
364,365,8.0,12.853005480000006
365,366,7.0,12.766808040000004
366,367,6.0,12.680610600000005
367,368,6.0,12.612605280000006
368,369,7.0,12.611417520000005
369,370,8.0,12.629609640000004
370,371,9.0,12.679422840000004
371,372,9.0,12.678283560000004
372,373,8.0,12.714619320000004
373,374,8.0,12.681858960000005
374,375,8.5,12.742543800000004
375,376,8.5,12.742543800000005
376,377,8.5,12.754688040000007
377,378,8.5,12.808076640000007
378,379,8.5,12.880917840000008
379,380,8.5,12.914865960000007
380,381,8.5,12.931870320000007
381,382,8.5,12.931870320000009
382,383,8.5,12.880857240000006
383,384,8.5,12.880857240000008
384,385,8.0,12.800780400000006
385,386,9.0,12.835976880000008
386,387,9.0,12.840812760000007
387,388,8.0,12.911145120000008
388,389,8.5,13.008214200000008
389,390,8.5,13.008214200000008
390,391,8.5,12.988822200000008
391,392,7.5,13.02515796000001
392,393,7.5,13.00701432000001
393,394,7.5,12.99000996000001
394,395,7.5,13.06762644000001
395,396,8.5,13.02520644000001
396,397,7.5,12.97539324000001
397,398,7.5,12.975393240000008
398,399,7.5,12.975393240000008
399,400,8.5,12.956061840000007
400,401,8.5,12.924440760000007
401,402,8.5,12.888056520000006
402,403,6.5,12.872191440000005
403,404,6.5,12.874579080000007
404,405,6.5,12.857574720000006
405,406,6.5,12.869743200000006
406,407,6.5,12.903691320000004
407,408,7.0,12.944899320000005
408,409,7.0,13.012904640000004
409,410,7.0,13.012904640000004
410,411,7.0,13.014043920000002
411,412,7.0,13.065044880000004
412,413,7.0,13.032284520000003
413,414,7.0,13.000663440000002
414,415,6.5,12.956982960000003
415,416,6.0,12.859913880000002
416,417,5.0,12.810100680000003
417,418,5.0,12.829553280000003
418,419,4.0,12.899885640000003
419,420,4.0,12.989743320000002
420,421,4.0,13.040744280000004
421,422,3.0,13.024927680000003
422,423,3.0,13.010310960000004
423,424,4.0,12.971526960000004
424,425,4.0,13.006674960000003
425,426,3.0,12.988482840000003
426,427,3.0,12.969090840000003
427,428,4.0,12.935142720000002
428,429,3.0,12.916950600000002
429,430,3.0,12.865937520000001
430,431,3.0,12.865937520000001
431,432,2.0,12.844048800000001
432,433,1.0,12.808852320000002
433,434,2.0,12.7749042
434,435,1.0,12.67175088
435,436,1.0,12.65713416
436,437,1.0,12.638990519999998
437,438,1.0,12.619598519999997
438,439,1.0,12.619598519999998
439,440,1.0,12.637742159999998
440,441,1.0,12.637742159999998
441,442,1.0,12.66936324
442,443,1.0,12.510373079999999
443,444,2.0,12.349055879999998
444,445,2.0,12.188926439999998
445,446,2.0,12.02993628
446,447,2.0,11.885562839999999
447,448,1.5,11.697508919999999
448,449,1.5,11.555523119999998
449,450,1.5,11.41598556
450,451,1.5,11.32500072
451,452,1.5,11.23401588
452,453,1.5,11.14303104
453,454,1.5,10.982901599999998
454,455,0.5,10.80571932
455,456,-0.5,10.62853704
456,457,-0.5,10.469546879999998
457,458,0.5,10.291225319999999
458,459,0.5,10.14685188
459,460,0.0,9.958797959999998
460,461,-1.0,9.78161568
461,462,-1.0,9.622625520000001
462,463,-1.0,9.47825208
463,464,-1.0,9.2780418
464,465,-2.0,9.0669114
465,466,-1.0,8.888589840000002
466,467,-1.0,8.728460400000001
467,468,-1.0,8.620483320000002
468,469,-2.0,8.443301040000001
469,470,-2.0,8.335323960000002
470,471,-3.0,8.158141680000002
471,472,-3.0,8.013768240000001
472,473,-2.0,7.852451040000001
473,474,-2.5,7.66439712
474,475,-2.5,7.57341228
475,476,-2.5,7.465435200000001
476,477,-1.5,7.287113640000001
477,478,-1.5,7.128123480000002
478,479,-1.5,6.9861376800000015
479,480,-1.5,6.766535400000001
480,481,-2.5,6.589353120000001
481,482,-2.5,6.461984040000002
482,483,-2.5,6.322446480000001
483,484,-2.5,6.180460680000001
484,485,-2.5,6.038474880000002
485,486,-2.5,5.911105800000001
486,487,-2.5,5.8201209600000015
487,488,-1.5,5.6588037600000005
488,489,-1.5,5.5144303200000016
489,490,-1.5,5.387061240000001
490,491,-1.5,5.247523680000002
491,492,-2.5,5.036393280000001
492,493,-3.0,4.848339360000001
493,494,-3.0,4.6893492000000006
494,495,-3.0,4.56198012
495,496,-3.0,4.40185068
496,497,-3.0,4.259864879999999
497,498,-3.0,4.132495799999999
498,499,-3.0,4.005126719999999
499,500,-3.0,3.8607532799999995
500,501,-3.0,3.7697684399999996
501,502,-3.0,3.6423993599999998
502,503,-3.0,3.4834091999999997
503,504,-2.0,3.3220919999999996
504,505,-2.0,3.14124948
505,506,-2.0,2.9992636800000003
506,507,-1.0,2.83794648
507,508,-1.0,2.7105774
508,509,-1.0,2.57103984
509,510,-1.0,2.39390604
510,511,-1.0,2.2349158800000004
511,512,-1.0,2.1269387999999996
512,513,-1.0,1.9825653599999997
513,514,-1.0,1.8235751999999996
514,515,-1.0,1.7155981199999997
515,516,0.0,1.55428092
516,517,1.0,1.37595936
517,518,1.0,1.23397356
518,519,1.0,1.1066044800000001
519,520,1.0,0.9986273999999999
520,521,1.0,0.8712583199999999
521,522,1.0,0.7122681599999999
522,523,1.0,0.6042910800000001
523,524,0.0,0.4271088
524,525,0.0,0.249975
525,526,0.0,0.15899016
