,aa_index,charge_in_pore,volume_in_pore,cumulative_charge_distance
0,1,0.0,0.0,0.0
1,2,0.0,0.18084252,0.0
2,3,1.0,0.39197292,1.0
3,4,0.0030000000000000027,0.57029448,1.0030000000000001
4,5,-0.047,0.7171404,0.9560000000000001
5,6,-0.047,0.87613056,0.909
6,7,-0.047,1.00349964,0.862
7,8,-0.047,1.1624898,0.815
8,9,0.06,1.35054372,0.875
9,10,0.06,1.49252952,0.935
10,11,0.06,1.58351436,0.9950000000000001
11,12,0.06,1.76064816,1.0550000000000002
12,13,0.06,1.8686252399999999,1.1150000000000002
13,14,0.06,1.9596100799999998,1.1750000000000003
14,15,0.06,2.1015958799999996,1.2350000000000003
15,16,0.06,2.2787296799999996,1.2950000000000004
16,17,0.06,2.4377198399999997,1.3550000000000004
17,18,0.06,2.5287046799999997,1.4150000000000005
18,19,0.06,2.6888341199999997,1.4750000000000005
19,20,0.06,2.7968111999999996,1.5350000000000006
20,21,0.009999999999999995,2.9436571199999997,1.5450000000000006
21,22,0.009999999999999995,3.1911838799999996,1.5550000000000006
22,23,-0.987,3.3695054399999997,0.5680000000000006
23,24,-0.987,3.5284956,-0.4189999999999994
24,25,-0.988,3.74809788,-1.4069999999999994
25,26,-1.038,3.8949438,-2.4449999999999994
26,27,-1.038,4.05393396,-3.4829999999999997
27,28,-2.035,4.23225552,-5.518
28,29,-1.9280000000000002,4.42030944,-7.446
29,30,-1.9280000000000002,4.5112942799999995,-9.374
30,31,-1.9280000000000002,4.67028444,-11.302000000000001
31,32,-1.9280000000000002,4.84741824,-13.230000000000002
32,33,-1.9280000000000002,4.9869558,-15.158000000000003
33,34,-2.9270000000000005,5.148273,-18.085000000000004
34,35,-2.9270000000000005,5.23925784,-21.012000000000004
35,36,-2.9270000000000005,5.41639164,-23.939000000000004
36,37,-2.9270000000000005,5.597234159999999,-26.866000000000003
37,38,-2.9270000000000005,5.736771719999999,-29.793000000000003
38,39,-2.9270000000000005,5.8641407999999995,-32.720000000000006
39,40,-3.9260000000000006,6.0254579999999995,-36.64600000000001
40,41,-2.928000000000001,6.20264028,-39.57400000000001
41,42,-2.928000000000001,6.34701372,-42.50200000000001
42,43,-2.928000000000001,6.50600388,-45.43000000000001
43,44,-2.928000000000001,6.59698872,-48.358000000000004
44,45,-2.928000000000001,6.68797356,-51.286
45,46,-2.928000000000001,6.7789584,-54.214
46,47,-3.927000000000001,6.9402756,-58.141
47,48,-4.926000000000001,7.1015928,-63.067
48,49,-4.926000000000001,7.22896188,-67.993
49,50,-4.926000000000001,7.42917216,-72.919
50,51,-4.926000000000001,7.589301600000001,-77.845
51,52,-4.926000000000001,7.7336750400000005,-82.771
52,53,-4.926000000000001,7.933885320000001,-87.697
53,54,-4.926000000000001,8.1340956,-92.623
54,55,-4.926000000000001,8.26146468,-97.549
55,56,-5.923000000000001,8.43978624,-103.47200000000001
56,57,-5.923000000000001,8.58415968,-109.39500000000001
57,58,-5.923000000000001,8.675144520000002,-115.31800000000001
58,59,-5.923000000000001,8.783121600000001,-121.24100000000001
59,60,-5.923000000000001,8.874106440000002,-127.16400000000002
60,61,-4.925000000000001,9.051288720000002,-132.08900000000003
61,62,-4.8180000000000005,9.239342640000002,-136.90700000000004
62,63,-4.8180000000000005,9.381328440000003,-141.72500000000005
63,64,-4.8180000000000005,9.520866000000003,-146.54300000000006
64,65,-3.8180000000000005,9.731996400000003,-150.36100000000008
65,66,-3.8180000000000005,9.839973480000003,-154.1790000000001
66,67,-3.8180000000000005,9.981959280000003,-157.9970000000001
67,68,-3.8180000000000005,10.182169560000004,-161.8150000000001
68,69,-3.8180000000000005,10.324155360000004,-165.63300000000012
69,70,-4.817,10.485472560000003,-170.45000000000013
70,71,-4.817,10.644462720000003,-175.26700000000014
71,72,-5.814,10.822784280000004,-181.08100000000013
72,73,-5.814,10.962321840000005,-186.89500000000012
73,74,-5.814,11.106695280000006,-192.70900000000012
74,75,-5.814,11.248681080000006,-198.5230000000001
75,76,-5.814,11.407671240000006,-204.3370000000001
76,77,-6.813000000000001,11.568988440000005,-211.1500000000001
77,78,-7.8100000000000005,11.747310000000006,-218.9600000000001
78,79,-7.8100000000000005,11.889295800000006,-226.7700000000001
79,80,-6.8100000000000005,12.100426200000006,-233.5800000000001
80,81,-6.8100000000000005,12.244799640000007,-240.3900000000001
81,82,-6.8100000000000005,12.335784480000008,-247.2000000000001
82,83,-6.8100000000000005,12.480157920000009,-254.0100000000001
83,84,-6.811000000000001,12.699760200000009,-260.8210000000001
84,85,-5.811000000000001,12.910890600000009,-266.63200000000006
85,86,-5.811000000000001,13.088024400000009,-272.44300000000004
86,87,-5.811000000000001,13.06617204000001,-278.254
87,88,-6.811000000000001,13.055251920000012,-285.065
88,89,-5.707000000000001,13.06498428000001,-290.772
89,90,-5.657,13.05767592000001,-296.429
90,91,-6.654,13.07700732000001,-303.08299999999997
91,92,-6.654,13.12677204000001,-309.73699999999997
92,93,-6.654,13.126772040000011,-316.39099999999996
93,94,-6.761000000000001,13.097708280000012,-323.152
94,95,-6.761000000000001,13.10009592000001,-329.913
95,96,-6.761000000000001,13.10009592000001,-336.67400000000004
96,97,-5.763000000000001,13.100144400000012,-342.437
97,98,-6.760000000000001,13.170488880000011,-349.197
98,99,-7.759,13.240821240000011,-356.956
99,100,-7.759,13.206812520000009,-364.71500000000003
100,101,-7.759,13.137655800000008,-372.47400000000005
101,102,-7.759,13.138795080000008,-380.23300000000006
102,103,-7.759,13.20793968000001,-387.9920000000001
103,104,-7.760000000000001,13.26741252000001,-395.75200000000007
104,105,-7.760000000000001,13.267412520000008,-403.51200000000006
105,106,-6.71,13.331697000000007,-410.22200000000004
106,107,-6.71,13.175155080000007,-416.932
107,108,-5.606,13.184887440000004,-422.538
108,109,-5.607,13.245499560000006,-428.14500000000004
109,110,-5.606000000000001,13.170270720000005,-433.75100000000003
110,111,-5.556,13.182414960000004,-439.307
111,112,-5.556,13.114409640000005,-444.863
112,113,-3.561,13.113270360000005,-448.424
113,114,-4.664999999999999,13.103538000000004,-453.089
114,115,-4.664999999999999,13.171543320000003,-457.754
115,116,-4.664999999999999,13.171543320000003,-462.41900000000004
116,117,-5.664,13.155726720000002,-468.083
117,118,-5.664,13.175179320000003,-473.747
118,119,-4.665000000000001,13.155847920000003,-478.41200000000003
119,120,-4.665000000000001,13.223853240000002,-483.07700000000006
120,121,-5.6640000000000015,13.208036640000003,-488.74100000000004
121,122,-4.6640000000000015,13.238324520000003,-493.40500000000003
122,123,-4.6640000000000015,13.257777120000004,-498.069
123,124,-3.6640000000000015,13.341538440000003,-501.733
124,125,-1.667000000000001,13.357403520000002,-503.4
125,126,-2.665000000000002,13.339211400000002,-506.065
126,127,-2.665000000000002,13.302815040000002,-508.73
127,128,-3.664000000000002,13.305142080000001,-512.394
128,129,-3.664000000000002,13.39129104,-516.058
129,130,-3.7140000000000017,13.44715212,-519.772
130,131,-3.7140000000000017,13.50054072,-523.4860000000001
131,132,-2.715,13.430208360000002,-526.2010000000001
132,133,-1.7160000000000002,13.427881320000003,-527.9170000000001
133,134,-1.7160000000000002,13.477646040000003,-529.6330000000002
134,135,-1.7160000000000002,13.368420600000004,-531.3490000000002
135,136,-1.7160000000000002,13.408501440000006,-533.0650000000002
136,137,-1.7160000000000002,13.423118160000005,-534.7810000000002
137,138,-1.7160000000000002,13.364893680000007,-536.4970000000002
138,139,-1.7160000000000002,13.364893680000009,-538.2130000000002
139,140,-1.6090000000000002,13.425578520000007,-539.8220000000002
140,141,-0.6120000000000003,13.374626040000008,-540.4340000000002
141,142,-0.6120000000000003,13.430462880000006,-541.0460000000002
142,143,-0.6120000000000003,13.430462880000007,-541.6580000000001
143,144,-0.6120000000000003,13.413470640000007,-542.2700000000001
144,145,-0.6120000000000003,13.413470640000009,-542.8820000000001
145,146,-1.6100000000000005,13.38066180000001,-544.4920000000001
146,147,-1.7170000000000003,13.283592720000009,-546.2090000000001
147,148,-1.7170000000000003,13.268976000000007,-547.926
148,149,-1.7170000000000003,13.22042328000001,-549.643
149,150,-2.7169999999999996,13.209503160000008,-552.36
150,151,-2.7169999999999996,13.245899520000009,-555.077
151,152,-2.7169999999999996,13.23128280000001,-557.794
152,153,-2.7169999999999996,13.19006268000001,-560.511
153,154,-2.7169999999999996,13.207067040000009,-563.228
154,155,-1.7180000000000002,13.22659236000001,-564.9459999999999
155,156,-2.7150000000000003,13.24592376000001,-567.661
156,157,-0.7180000000000004,13.27873260000001,-568.3789999999999
157,158,-0.7180000000000004,13.298185200000011,-569.0969999999999
158,159,-0.7180000000000004,13.28118084000001,-569.8149999999998
159,160,-0.7180000000000004,13.28118084000001,-570.5329999999998
160,161,-1.7170000000000005,13.283507880000009,-572.2499999999998
161,162,-0.7190000000000006,13.34179296000001,-572.9689999999998
162,163,0.27800000000000036,13.25445624000001,-572.6909999999998
163,164,1.2760000000000002,13.289652720000012,-571.4149999999998
164,165,1.2739999999999996,13.25570460000001,-570.1409999999998
165,166,1.2739999999999996,13.238700240000009,-568.8669999999998
166,167,2.2719999999999994,13.324897680000008,-566.5949999999998
167,168,2.2719999999999994,13.339514400000008,-564.3229999999998
168,169,1.2759999999999998,13.298233680000008,-563.0469999999998
169,170,0.27599999999999947,13.287313560000008,-562.7709999999998
170,171,0.27599999999999947,13.237548840000008,-562.4949999999999
171,172,0.27599999999999947,13.237548840000008,-562.2189999999999
172,173,0.27499999999999947,13.256940840000007,-561.944
173,174,0.16799999999999926,13.208424480000009,-561.776
174,175,0.16799999999999926,13.176864000000007,-561.608
175,176,1.1649999999999996,13.13808000000001,-560.443
176,177,1.1649999999999996,13.138080000000008,-559.278
177,178,1.1649999999999996,13.121075640000006,-558.113
178,179,1.1649999999999996,13.089454560000005,-556.9480000000001
179,180,1.1649999999999996,13.089454560000005,-555.7830000000001
180,181,1.1649999999999996,13.106446800000006,-554.6180000000002
181,182,0.16699999999999982,13.071250320000004,-554.4510000000001
182,183,1.1640000000000001,13.034914560000006,-553.2870000000001
183,184,1.166,13.051918920000006,-552.1210000000001
184,185,1.166,13.083479400000007,-550.955
185,186,1.165,13.195104600000006,-549.7900000000001
186,187,1.165,13.195104600000008,-548.6250000000001
187,188,1.165,13.162344240000005,-547.4600000000002
188,189,1.1660000000000004,13.101732120000005,-546.2940000000001
189,190,1.1660000000000004,13.152745200000005,-545.128
190,191,0.16600000000000015,13.085988240000006,-544.962
191,192,0.16600000000000015,13.139376840000008,-544.7959999999999
192,193,0.16599999999999993,13.139376840000008,-544.6299999999999
193,194,0.16699999999999937,13.064148000000008,-544.4629999999999
194,195,0.16699999999999937,13.064148000000008,-544.2959999999998
195,196,0.16699999999999937,13.064148000000007,-544.1289999999998
196,197,-0.8300000000000006,13.151484720000008,-544.9589999999998
197,198,-1.7210000000000003,13.162356360000008,-546.6799999999998
198,199,-0.7240000000000001,13.111403880000008,-547.4039999999999
199,200,-1.7230000000000003,13.113730920000007,-549.1269999999998
200,201,-1.7730000000000004,13.101586680000008,-550.8999999999999
201,202,-0.7740000000000004,13.048246560000006,-551.6739999999999
202,203,-0.7740000000000004,13.089466680000006,-552.4479999999999
203,204,-0.7740000000000004,13.128323400000008,-553.2219999999999
204,205,-0.7740000000000004,13.111319040000009,-553.9959999999999
205,206,-0.7739999999999987,13.111319040000007,-554.7699999999999
206,207,-1.774,13.060318080000007,-556.5439999999999
207,208,-2.771,13.079649480000008,-559.3149999999998
208,209,-3.771,12.976496160000005,-563.0859999999998
209,210,-4.769,12.958304040000005,-567.8549999999998
210,211,-4.7700000000000005,13.018916160000005,-572.6249999999998
211,212,-5.769,13.072256280000005,-578.3939999999998
212,213,-4.77,13.069929240000006,-583.1639999999998
213,214,-4.819999999999999,13.039641360000005,-587.9839999999998
214,215,-3.7699999999999996,13.103925840000004,-591.7539999999998
215,216,-2.7699999999999996,13.170682800000003,-594.5239999999998
216,217,-2.7699999999999996,13.239827400000005,-597.2939999999998
217,218,-2.7699999999999996,13.239827400000003,-600.0639999999997
218,219,-3.7689999999999997,13.224010800000002,-603.8329999999997
219,220,-3.7689999999999997,13.292016120000003,-607.6019999999997
220,221,-4.766,13.270127400000005,-612.3679999999997
221,222,-3.766,13.322267640000005,-616.1339999999997
222,223,-3.766,13.319819400000005,-619.8999999999996
223,224,-3.766,13.263982560000004,-623.6659999999996
224,225,-3.874,13.295530920000004,-627.5399999999996
225,226,-3.874,13.312535280000004,-631.4139999999996
226,227,-3.874,13.272454440000002,-635.2879999999997
227,228,-3.874,13.340459760000003,-639.1619999999997
228,229,-3.874,13.409604360000003,-643.0359999999997
229,230,-2.874,13.529749920000002,-645.9099999999997
230,231,-2.874,13.544366640000002,-648.7839999999998
231,232,-2.874,13.612371960000003,-651.6579999999998
232,233,-2.874,13.575987720000004,-654.5319999999998
233,234,-2.874,13.662136680000005,-657.4059999999998
234,235,-2.874,13.620916560000003,-660.2799999999999
235,236,-2.874,13.618528920000005,-663.1539999999999
236,237,-2.874,13.618528920000005,-666.0279999999999
237,238,-2.874,13.586907840000004,-668.9019999999999
238,239,-2.874,13.586907840000004,-671.776
239,240,-2.874,13.550438760000004,-674.65
240,241,-1.8769999999999998,13.480094280000003,-676.5269999999999
241,242,-2.8770000000000002,13.396332960000002,-679.4039999999999
242,243,-2.8770000000000002,13.396332960000004,-682.2809999999998
243,244,-1.8770000000000002,13.480094280000005,-684.1579999999998
244,245,-1.8770000000000002,13.538318760000005,-686.0349999999997
245,246,-1.8769999999999993,13.538318760000005,-687.9119999999997
246,247,-1.876,13.409701320000003,-689.7879999999997
247,248,-1.876,13.426693560000004,-691.6639999999996
248,249,-2.8740000000000006,13.408501440000002,-694.5379999999997
249,250,-3.8720000000000003,13.391448600000002,-698.4099999999996
250,251,-3.8720000000000003,13.406065320000003,-702.2819999999996
251,252,-5.869,13.390200240000002,-708.1509999999996
252,253,-5.869,13.390200240000004,-714.0199999999996
253,254,-4.872,13.356252120000004,-718.8919999999996
254,255,-5.869,13.334363400000006,-724.7609999999996
255,256,-5.869,13.407204600000005,-730.6299999999997
256,257,-5.869,13.425348240000005,-736.4989999999997
257,258,-5.868,13.350119400000006,-742.3669999999997
258,259,-5.868,13.370711280000005,-748.2349999999998
259,260,-5.868,13.421724360000006,-754.1029999999998
260,261,-5.868,13.424172600000006,-759.9709999999999
261,262,-5.868,13.386576360000005,-765.8389999999999
262,263,-5.869000000000001,13.464192840000006,-771.708
263,264,-5.869000000000001,13.476361320000008,-777.577
264,265,-4.869000000000001,13.543118280000007,-782.446
265,266,-4.869000000000001,13.594131360000008,-787.315
266,267,-4.7620000000000005,13.640199480000007,-792.077
267,268,-4.7620000000000005,13.698423960000007,-796.8389999999999
268,269,-3.7650000000000015,13.659639960000007,-800.6039999999999
269,270,-3.7650000000000015,13.679092560000006,-804.3689999999999
270,271,-3.764000000000001,13.567467360000006,-808.1329999999999
271,272,-3.764000000000001,13.551711360000008,-811.8969999999999
272,273,-3.765000000000001,13.643944560000008,-815.6619999999999
273,274,-3.765000000000001,13.592931480000008,-819.4269999999999
274,275,-3.765000000000001,13.573478880000009,-823.1919999999999
275,276,-3.765000000000001,13.571091240000008,-826.9569999999999
276,277,-3.765000000000001,13.58570796000001,-830.7219999999999
277,278,-3.872000000000001,13.525023120000009,-834.5939999999998
278,279,-3.872000000000001,13.488626760000008,-838.4659999999998
279,280,-4.8690000000000015,13.52257488000001,-843.3349999999998
280,281,-3.8710000000000013,13.540767000000011,-847.2059999999998
281,282,-2.8739999999999997,13.47042252000001,-850.0799999999998
282,283,-2.9820000000000007,13.50197088000001,-853.0619999999998
283,284,-2.8750000000000004,13.56265572000001,-855.9369999999998
284,285,-2.8729999999999998,13.57966008000001,-858.8099999999998
285,286,-2.8229999999999995,13.60994796000001,-861.6329999999998
286,287,-2.8229999999999995,13.66096104000001,-864.4559999999998
287,288,-2.8229999999999995,13.58811984000001,-867.2789999999998
288,289,-2.8229999999999995,13.549263120000008,-870.1019999999997
289,290,-2.8229999999999995,13.515254400000007,-872.9249999999997
290,291,-2.821,13.532258760000008,-875.7459999999998
291,292,-2.821,13.531119480000006,-878.5669999999998
292,293,-1.8240000000000003,13.497171360000007,-880.3909999999997
293,294,-1.8240000000000003,13.549323720000007,-882.2149999999997
294,295,-1.8240000000000003,13.498310640000007,-884.0389999999996
295,296,-1.8730000000000004,13.425554280000007,-885.9119999999997
296,297,-0.8740000000000003,13.464447360000007,-886.7859999999997
297,298,-1.8710000000000004,13.483778760000007,-888.6569999999997
298,299,-1.8210000000000002,13.476470400000006,-890.4779999999997
299,300,-2.821,13.373317080000007,-893.2989999999998
300,301,-3.8209999999999997,13.322316120000005,-897.1199999999998
301,302,-3.8209999999999997,13.339320480000005,-900.9409999999998
302,303,-3.8209999999999997,13.361172840000005,-904.7619999999998
303,304,-2.8220000000000005,13.341841440000005,-907.5839999999998
304,305,-1.8240000000000005,13.360033560000005,-909.4079999999998
305,306,-0.8770000000000002,13.328557920000007,-910.2849999999997
306,307,-2.8760000000000003,13.278744720000004,-913.1609999999997
307,308,-2.8760000000000003,13.278744720000006,-916.0369999999997
308,309,-1.8760000000000003,13.345501680000005,-917.9129999999997
309,310,-1.7680000000000005,13.313953320000005,-919.6809999999997
310,311,-1.7680000000000005,13.260564720000005,-921.4489999999997
311,312,-0.7700000000000005,13.277617560000008,-922.2189999999997
312,313,-0.7710000000000005,13.338229680000008,-922.9899999999997
313,314,-0.7710000000000005,13.358942760000007,-923.7609999999996
314,315,-1.7709999999999992,13.255789440000008,-925.5319999999996
315,316,-1.8209999999999993,13.243645200000008,-927.3529999999996
316,317,-1.8709999999999993,13.231500960000009,-929.2239999999996
317,318,-1.8709999999999993,13.299506280000008,-931.0949999999996
318,319,-1.8709999999999993,13.281362640000008,-932.9659999999996
319,320,-1.8719999999999992,13.341974760000008,-934.8379999999995
320,321,-0.8719999999999992,13.411119360000008,-935.7099999999995
321,322,-0.8719999999999992,13.37473512000001,-936.5819999999994
322,323,-1.8709999999999993,13.408683240000009,-938.4529999999994
323,324,-1.8709999999999993,13.39167888000001,-940.3239999999994
324,325,-1.8709999999999993,13.38929124000001,-942.1949999999994
325,326,-1.8709999999999993,13.420851720000009,-944.0659999999993
326,327,-0.8729999999999993,13.47066492000001,-944.9389999999994
327,328,-1.8719999999999994,13.472991960000009,-946.8109999999994
328,329,-2.871999999999999,13.40384736000001,-949.6829999999993
329,330,-2.871999999999999,13.36376652000001,-952.5549999999993
330,331,-1.8729999999999998,13.31042640000001,-954.4279999999993
331,332,-1.8729999999999998,13.327418640000008,-956.3009999999994
332,333,-1.8729999999999998,13.378431720000007,-958.1739999999994
333,334,-1.8729999999999998,13.327418640000007,-960.0469999999995
334,335,-1.8729999999999998,13.311662640000007,-961.9199999999995
335,336,-1.8729999999999998,13.328667000000008,-963.7929999999996
336,337,0.12399999999999944,13.344532080000008,-963.6689999999995
337,338,0.12399999999999944,13.329915360000006,-963.5449999999995
338,339,1.1219999999999994,13.362724200000006,-962.4229999999995
339,340,3.1189999999999998,13.395533040000005,-959.3039999999995
340,341,3.1189999999999998,13.339696200000006,-956.1849999999995
341,342,3.1189999999999998,13.321552560000006,-953.0659999999995
342,343,3.1189999999999998,13.354312920000005,-949.9469999999994
343,344,3.1189999999999998,13.394393760000007,-946.8279999999994
344,345,3.1189999999999998,13.377389400000007,-943.7089999999994
345,346,2.1199999999999997,13.396720800000006,-941.5889999999994
346,347,2.1199999999999997,13.504710000000005,-939.4689999999994
347,348,2.0709999999999997,13.431953640000005,-937.3979999999993
348,349,2.0709999999999997,13.431953640000005,-935.3269999999993
349,350,1.070999999999999,13.365196680000006,-934.2559999999993
350,351,1.070999999999999,13.297191360000006,-933.1849999999993
351,352,0.9639999999999993,13.309347720000005,-932.2209999999992
352,353,1.9619999999999993,13.286319720000007,-930.2589999999992
353,354,1.9619999999999993,13.288767960000007,-928.2969999999992
354,355,1.9619999999999993,13.220762640000007,-926.3349999999992
355,356,1.9619999999999993,13.271775720000008,-924.3729999999993
356,357,1.9619999999999993,13.287531720000008,-922.4109999999993
357,358,1.9619999999999993,13.287531720000006,-920.4489999999993
358,359,1.9619999999999993,13.356688440000006,-918.4869999999993
359,360,1.9619999999999993,13.356688440000006,-916.5249999999993
360,361,1.9619999999999993,13.354240200000005,-914.5629999999993
361,362,1.9619999999999993,13.339623480000007,-912.6009999999993
362,363,1.9619999999999993,13.354240200000008,-910.6389999999993
363,364,1.9619999999999993,13.388248920000008,-908.6769999999993
364,365,2.9589999999999996,13.34946492000001,-905.7179999999994
365,366,1.9609999999999994,13.263267480000012,-903.7569999999994
366,367,1.9609999999999994,13.246275240000013,-901.7959999999994
367,368,0.9629999999999992,13.187990160000012,-900.8329999999994
368,369,0.8559999999999997,13.158926400000013,-899.9769999999994
369,370,1.8529999999999993,13.088581920000012,-898.1239999999995
370,371,2.850999999999999,13.088630400000012,-895.2729999999995
371,372,2.850999999999999,13.07162604000001,-892.4219999999995
372,373,2.850999999999999,13.121390760000011,-889.5709999999995
373,374,3.850999999999999,13.190535360000013,-885.7199999999995
374,375,3.850999999999999,13.19053536000001,-881.8689999999995
375,376,4.848,13.154199600000013,-877.0209999999995
376,377,4.798,13.142055360000011,-872.2229999999995
377,378,4.798,13.178524440000013,-867.4249999999995
378,379,4.798,13.177385160000012,-862.6269999999995
379,380,4.798,13.196777160000012,-857.8289999999995
380,381,4.848,13.210060680000014,-852.9809999999995
381,382,4.848,13.154223840000014,-848.1329999999996
382,383,5.844999999999999,13.120275720000015,-842.2879999999996
383,384,5.844999999999999,13.088715240000013,-836.4429999999995
384,385,5.844999999999999,13.139728320000012,-830.5979999999995
385,386,5.844999999999999,13.087575960000011,-824.7529999999995
386,387,4.847999999999999,13.088763720000012,-819.9049999999995
387,388,4.847999999999999,13.01589828000001,-815.0569999999996
388,389,4.847999999999999,13.12143924000001,-810.2089999999996
389,390,3.8499999999999996,13.052234040000007,-806.3589999999996
390,391,4.9,13.116518520000007,-801.4589999999996
391,392,5.899,13.114191480000008,-795.5599999999996
392,393,4.9,13.135971120000008,-790.6599999999996
393,394,4.007,13.112894640000006,-786.6529999999997
394,395,4.898,13.102023000000003,-781.7549999999997
395,396,4.898,13.211248440000004,-776.8569999999996
396,397,2.9009999999999994,13.195383360000001,-773.9559999999997
397,398,2.9019999999999997,13.13477124,-771.0539999999996
398,399,2.9019999999999997,13.13477124,-768.1519999999996
399,400,2.901,13.246396439999998,-765.2509999999996
400,401,2.9509999999999996,13.207527599999999,-762.2999999999996
401,402,3.9989999999999997,13.23786396,-758.3009999999996
402,403,4.999,13.2900042,-753.3019999999996
403,404,4.999,13.23899112,-748.3029999999995
404,405,5.0,13.21959912,-743.3029999999995
405,406,4.0,13.150454519999998,-739.3029999999995
406,407,4.107,13.2475236,-735.1959999999996
407,408,5.106000000000001,13.33373316,-730.0899999999996
408,409,5.105,13.41134964,-724.9849999999996
409,410,5.105,13.41134964,-719.8799999999995
410,411,5.105,13.362796919999997,-714.7749999999995
411,412,3.1100000000000003,13.3639362,-711.6649999999995
412,413,4.109,13.293603840000001,-707.5559999999995
413,414,4.109,13.332460560000001,-703.4469999999994
414,415,3.112,13.350652680000001,-700.3349999999995
415,416,2.115,13.42099716,-698.2199999999995
416,417,2.115,13.404004920000002,-696.1049999999994
417,418,1.1180000000000003,13.423336320000002,-694.9869999999994
418,419,1.1180000000000003,13.515569520000003,-693.8689999999993
419,420,1.1180000000000003,13.498565160000004,-692.7509999999993
420,421,0.12100000000000033,13.517896560000004,-692.6299999999993
421,422,-0.8769999999999991,13.448691360000005,-693.5069999999993
422,423,0.12300000000000089,13.515448320000004,-693.3839999999992
423,424,-1.8719999999999999,13.516587600000006,-695.2559999999992
424,425,-3.871,13.466774400000007,-699.1269999999992
425,426,-3.871,13.503243480000007,-702.9979999999991
426,427,-3.871,13.452230400000007,-706.8689999999991
427,428,-3.871,13.383073680000006,-710.7399999999991
428,429,-3.871,13.341853560000006,-714.6109999999991
429,430,-4.868,13.378189320000008,-719.4789999999991
430,431,-2.8710000000000004,13.394054400000007,-722.3499999999991
431,432,-3.8700000000000006,13.307844840000005,-726.2199999999991
432,433,-3.8209999999999997,13.380601200000006,-730.0409999999991
433,434,-4.818,13.419385200000008,-734.8589999999991
434,435,-5.8149999999999995,13.453333320000008,-740.6739999999992
435,436,-5.8149999999999995,13.504334280000009,-746.4889999999992
436,437,-5.8149999999999995,13.395108840000011,-752.3039999999993
437,438,-6.813,13.359912360000012,-759.1169999999993
438,439,-7.811999999999999,13.37924376000001,-766.9289999999993
439,440,-7.811999999999999,13.415628000000009,-774.7409999999993
440,441,-7.811999999999999,13.39862364000001,-782.5529999999993
441,442,-8.809,13.41681576000001,-791.3619999999993
442,443,-8.808,13.28819832000001,-800.1699999999993
443,444,-9.805,13.28938608000001,-809.9749999999992
444,445,-9.805,13.24083336000001,-819.7799999999992
445,446,-10.802,13.27961736000001,-830.5819999999992
446,447,-11.799,13.313565480000008,-842.3809999999992
447,448,-12.796,13.349901240000008,-855.1769999999992
448,449,-12.796,13.298900280000009,-867.9729999999993
449,450,-13.793,13.337684280000008,-881.7659999999993
450,451,-14.79,13.425021000000008,-896.5559999999992
451,452,-14.790999999999999,13.55363844000001,-911.3469999999993
452,453,-13.791999999999998,13.573163760000009,-925.1389999999993
453,454,-13.791999999999998,13.541542680000006,-938.9309999999994
454,455,-13.791999999999998,13.573103160000008,-952.7229999999994
455,456,-14.789999999999997,13.554911040000007,-967.5129999999994
456,457,-14.789999999999997,13.571915400000007,-982.3029999999993
457,458,-14.789999999999997,13.48576644000001,-997.0929999999993
458,459,-15.790999999999997,13.49423832000001,-1012.8839999999993
459,460,-15.790999999999997,13.63378800000001,-1028.6749999999993
460,461,-14.792999999999997,13.66898448000001,-1043.4679999999992
461,462,-14.742999999999999,13.68112872000001,-1058.210999999999
462,463,-13.745,13.677468480000009,-1071.955999999999
463,464,-13.745,13.60946316000001,-1085.7009999999989
464,465,-13.745,13.64108424000001,-1099.4459999999988
465,466,-13.745,13.622940600000009,-1113.1909999999987
466,467,-13.745,13.655700960000011,-1126.9359999999986
467,468,-13.745,13.650865080000012,-1140.6809999999984
468,469,-13.745,13.687261440000013,-1154.4259999999983
469,470,-12.745,13.739401680000013,-1167.1709999999982
470,471,-12.745,13.790414760000012,-1179.9159999999981
471,472,-11.748,13.771083360000011,-1191.6639999999982
472,473,-11.748,13.822096440000012,-1203.4119999999982
473,474,-12.745,13.752891240000011,-1216.156999999998
474,475,-12.745999999999999,13.864516440000012,-1228.9029999999982
475,476,-13.745999999999999,13.812376200000012,-1242.6489999999983
476,477,-14.742999999999999,13.831707600000012,-1257.3919999999982
477,478,-14.740999999999998,13.848711960000012,-1272.1329999999982
478,479,-13.849999999999998,13.837840320000012,-1285.9829999999981
479,480,-14.848999999999998,13.88026032000001,-1300.831999999998
480,481,-15.845999999999998,13.858371600000009,-1316.677999999998
481,482,-15.843999999999998,13.875375960000008,-1332.5219999999981
482,483,-15.736999999999998,13.904439720000008,-1348.2589999999982
483,484,-15.736999999999998,13.882587360000008,-1363.9959999999983
484,485,-15.736999999999998,13.882587360000006,-1379.7329999999984
485,486,-16.733999999999998,13.952931840000005,-1396.4669999999983
486,487,-16.732,13.986879960000007,-1413.1989999999983
487,488,-18.731000000000005,13.937066760000004,-1431.9299999999982
488,489,-19.728000000000005,14.007411240000005,-1451.6579999999983
489,490,-19.728000000000005,13.898185800000006,-1471.3859999999984
490,491,-20.727000000000004,13.917517200000004,-1492.1129999999985
491,492,-19.836000000000002,13.906645560000003,-1511.9489999999985
492,493,-19.836000000000002,13.906645560000005,-1531.7849999999985
493,494,-18.835000000000004,13.898173680000005,-1550.6199999999985
494,495,-18.835000000000004,13.916317320000006,-1569.4549999999986
495,496,-17.837000000000003,14.002514760000006,-1587.2919999999986
496,497,-15.841999999999997,14.001375480000007,-1603.1339999999987
497,498,-15.841999999999997,14.110600920000007,-1618.9759999999987
498,499,-16.839,14.108079960000007,-1635.8149999999987
499,500,-15.841999999999995,14.088748560000006,-1651.6569999999988
500,501,-14.844999999999999,14.001411840000006,-1666.5019999999988
501,502,-14.844999999999999,14.069417160000008,-1681.3469999999988
502,503,-14.845,14.069417160000008,-1696.1919999999989
503,504,-14.845,14.069417160000008,-1711.036999999999
504,505,-14.845,14.081585640000007,-1725.881999999999
505,506,-13.848,14.063393520000009,-1739.7299999999989
506,507,-13.848,14.11440660000001,-1753.5779999999988
507,508,-14.848,14.04281376000001,-1768.4259999999988
508,509,-13.852,14.08409448000001,-1782.2779999999989
509,510,-12.854000000000001,14.142379560000009,-1795.131999999999
510,511,-12.854000000000001,14.12052720000001,-1807.985999999999
511,512,-13.853000000000002,14.17386732000001,-1821.838999999999
512,513,-13.853000000000002,14.15687508000001,-1835.691999999999
513,514,-14.852000000000002,14.159202120000007,-1850.5439999999992
514,515,-13.855000000000002,14.122866360000009,-1864.3989999999992
515,516,-13.855000000000002,14.122866360000009,-1878.2539999999992
516,517,-12.856000000000003,14.120539320000008,-1891.1099999999992
517,518,-12.855000000000002,14.045310480000008,-1903.9649999999992
518,519,-11.858000000000002,14.044122720000008,-1915.8229999999992
519,520,-10.861000000000004,13.993170240000007,-1926.6839999999993
520,521,-10.861000000000004,14.032026960000005,-1937.5449999999994
521,522,-10.861000000000004,14.049019200000005,-1948.4059999999995
522,523,-10.861000000000004,14.066023560000005,-1959.2669999999996
523,524,-9.862000000000002,14.063696520000004,-1969.1289999999997
524,525,-8.862000000000002,14.147457840000005,-1977.9909999999998
525,526,-8.863000000000001,14.225074320000004,-1986.8539999999998
526,527,-7.866000000000004,14.205742920000006,-1994.7199999999998
527,528,-7.866000000000004,14.222735160000004,-2002.5859999999998
528,529,-7.868000000000002,14.205730800000003,-2010.4539999999997
529,530,-6.870000000000002,14.291928240000004,-2017.3239999999996
530,531,-5.766,14.301660600000003,-2023.0899999999997
531,532,-4.769,14.283468480000005,-2027.8589999999997
532,533,-3.7719999999999994,14.285989440000005,-2031.6309999999996
533,534,-3.7719999999999994,14.353994760000006,-2035.4029999999996
534,535,-2.7749999999999995,14.266658040000006,-2038.1779999999997
535,536,-1.778,14.179321320000007,-2039.9559999999997
536,537,-1.8269999999999997,14.106564960000009,-2041.7829999999997
537,538,-1.8269999999999997,14.06526000000001,-2043.6099999999997
538,539,-0.8289999999999997,14.115073200000008,-2044.4389999999996
539,540,-1.8259999999999996,14.153857200000008,-2046.2649999999996
540,541,-0.8259999999999996,14.205997440000008,-2047.0909999999997
541,542,-0.8259999999999996,14.154984360000007,-2047.9169999999997
542,543,-1.8229999999999995,14.242321080000007,-2049.74
543,544,-1.822,14.181708960000009,-2051.562
544,545,-1.822,14.061551280000007,-2053.384
545,546,-2.82,14.065211520000007,-2056.204
546,547,-2.82,14.065211520000007,-2059.0240000000003
547,548,-4.814999999999999,14.066350800000007,-2063.8390000000004
548,549,-4.814999999999999,14.06635080000001,-2068.6540000000005
549,550,-4.814999999999999,14.015337720000007,-2073.4690000000005
550,551,-4.814999999999999,14.01533772000001,-2078.2840000000006
551,552,-4.814999999999999,13.99719408000001,-2083.0990000000006
552,553,-5.813999999999998,14.018973720000009,-2088.9130000000005
553,554,-5.813999999999998,14.033590440000008,-2094.7270000000003
554,555,-5.814,14.033590440000008,-2100.541
555,556,-5.815,14.094202560000006,-2106.356
556,557,-5.815,14.026197240000007,-2112.1710000000003
557,558,-5.815,14.009192880000008,-2117.9860000000003
558,559,-4.817999999999999,13.958240400000006,-2122.8040000000005
559,560,-3.8169999999999993,13.949768520000006,-2126.6210000000005
560,561,-3.8169999999999993,13.949768520000006,-2130.4380000000006
561,562,-2.819999999999998,13.879424040000005,-2133.2580000000007
562,563,-1.8239999999999994,13.920704760000007,-2135.082000000001
563,564,-2.821999999999999,13.870891560000006,-2137.904000000001
564,565,-1.822999999999998,13.828471560000006,-2139.7270000000008
565,566,-1.8249999999999995,13.811467200000006,-2141.5520000000006
566,567,-0.8280000000000006,13.833355920000006,-2142.3800000000006
567,568,-1.9320000000000008,13.823623560000009,-2144.3120000000004
568,569,-1.9320000000000008,13.809006840000007,-2146.244
569,570,-1.9310000000000005,13.748394720000007,-2148.175
570,571,0.06399999999999906,13.747255440000007,-2148.1110000000003
571,572,-0.9360000000000006,13.678110840000006,-2149.0470000000005
572,573,-0.9360000000000009,13.678110840000004,-2149.9830000000006
573,574,0.06099999999999994,13.699999560000004,-2149.9220000000005
574,575,0.06099999999999994,13.768004880000005,-2149.8610000000003
575,576,1.06,13.734056760000003,-2148.8010000000004
576,577,1.0599999999999998,13.734056760000003,-2147.7410000000004
577,578,1.0599999999999998,13.645520160000004,-2146.6810000000005
578,579,0.059999999999999276,13.573927320000003,-2146.6210000000005
579,580,-0.9370000000000007,13.592119440000005,-2147.5580000000004
580,581,-1.935000000000001,13.595779680000005,-2149.4930000000004
581,582,-2.9330000000000003,13.577587560000003,-2152.4260000000004
582,583,-1.9350000000000003,13.554559560000003,-2154.3610000000003
583,584,-0.9380000000000004,13.557080520000003,-2155.2990000000004
584,585,-0.9380000000000004,13.598300640000003,-2156.2370000000005
585,586,-1.9350000000000005,13.685637360000003,-2158.1720000000005
586,587,-2.9340000000000006,13.687964400000004,-2161.1060000000007
587,588,-0.9370000000000007,13.720773240000003,-2162.0430000000006
588,589,-0.9370000000000007,13.679553120000003,-2162.9800000000005
589,590,-0.9870000000000008,13.686861480000005,-2163.9670000000006
590,591,-0.8800000000000008,13.714785960000004,-2164.8470000000007
591,592,0.11799999999999922,13.732978080000004,-2164.7290000000007
592,593,0.11799999999999922,13.737813960000004,-2164.611000000001
593,594,0.1179999999999991,13.737813960000004,-2164.493000000001
594,595,0.118999999999999,13.677201840000006,-2164.3740000000007
595,596,0.118999999999999,13.678341120000006,-2164.2550000000006
596,597,1.1179999999999997,13.608008760000008,-2163.1370000000006
597,598,0.11899999999999955,13.678341120000006,-2163.0180000000005
598,599,1.2250000000000003,13.705077840000007,-2161.7930000000006
599,600,1.2250000000000003,13.705077840000008,-2160.5680000000007
600,601,0.22699999999999987,13.672269000000009,-2160.341000000001
601,602,0.33399999999999985,13.701332760000009,-2160.007000000001
602,603,0.33399999999999985,13.696496880000009,-2159.673000000001
603,604,-0.6650000000000003,13.680680280000006,-2160.338000000001
604,605,-0.6650000000000003,13.753521480000007,-2161.003000000001
605,606,-0.6650000000000003,13.753521480000007,-2161.668000000001
606,607,-0.6650000000000003,13.804534560000008,-2162.333000000001
607,608,-0.6660000000000003,13.865146680000008,-2162.999000000001
608,609,-1.6650000000000005,13.867473720000007,-2164.664000000001
609,610,-2.665000000000001,13.764320400000008,-2167.329000000001
610,611,-2.664000000000001,13.703708280000008,-2169.9930000000013
611,612,-3.663000000000001,13.706035320000007,-2173.6560000000013
612,613,-3.663000000000001,13.740044040000008,-2177.3190000000013
613,614,-2.6640000000000006,13.720712640000007,-2179.9830000000015
614,615,-3.6620000000000013,13.702520520000006,-2183.6450000000013
615,616,-3.770000000000001,13.734068880000006,-2187.4150000000013
616,617,-3.770000000000001,13.754781960000006,-2191.1850000000013
617,618,-4.769000000000001,13.735256640000005,-2195.954000000001
618,619,-4.769000000000001,13.715804040000005,-2200.723000000001
619,620,-4.769000000000001,13.805661720000005,-2205.4920000000006
620,621,-4.819000000000001,13.861522800000007,-2210.3110000000006
621,622,-4.769000000000001,13.873667040000006,-2215.0800000000004
622,623,-5.768000000000001,13.895446680000004,-2220.8480000000004
623,624,-6.766,13.826241480000004,-2227.6140000000005
624,625,-5.769,13.848130200000003,-2233.3830000000003
625,626,-6.769,13.776537360000004,-2240.152
626,627,-5.771,13.845742560000005,-2245.9230000000002
627,628,-4.774,13.826411160000005,-2250.697
628,629,-4.774,13.809406800000003,-2255.471
629,630,-4.824,13.828883640000003,-2260.295
630,631,-4.824,13.848251400000004,-2265.119
631,632,-3.8259999999999996,13.866443520000004,-2268.945
632,633,-1.8309999999999997,13.865304240000004,-2270.7760000000003
633,634,-0.8309999999999997,13.985449800000005,-2271.6070000000004
634,635,-0.8309999999999997,14.036462880000006,-2272.4380000000006
635,636,-1.8279999999999998,14.072798640000004,-2274.2660000000005
636,637,-1.8279999999999998,14.021785560000003,-2276.0940000000005
637,638,-0.8289999999999994,14.019458520000002,-2276.9230000000007
638,639,-0.8289999999999994,14.000005920000003,-2277.752000000001
639,640,-1.8290000000000002,13.966009320000003,-2279.581000000001
640,641,-1.8279999999999998,13.905397200000003,-2281.409000000001
641,642,-2.827,13.975729560000003,-2284.2360000000012
642,643,-1.829,14.010926040000003,-2286.0650000000014
643,644,-1.8299999999999998,14.103159240000002,-2287.8950000000013
644,645,-2.8299999999999996,14.051019000000002,-2290.7250000000013
645,646,-1.8319999999999996,14.069211120000004,-2292.557000000001
646,647,-1.8319999999999996,14.088603120000004,-2294.389000000001
647,648,-1.8310000000000002,13.996369920000005,-2296.220000000001
648,649,-0.8330000000000002,14.046183120000006,-2297.0530000000012
649,650,-1.8319999999999996,14.088603120000004,-2298.885000000001
650,651,-0.832999999999999,14.086276080000005,-2299.718000000001
651,652,-0.832999999999999,13.994042880000004,-2300.5510000000013
652,653,0.1639999999999998,14.063248080000003,-2300.387000000001
653,654,0.1639999999999998,14.058412200000005,-2300.223000000001
654,655,0.1639999999999998,14.058412200000003,-2300.0590000000007
655,656,-0.8340000000000002,14.058363720000003,-2300.8930000000005
656,657,-0.8340000000000002,14.007362760000003,-2301.7270000000003
657,658,0.16500000000000015,14.093572320000002,-2301.5620000000004
658,659,0.16500000000000015,14.070495840000001,-2301.3970000000004
659,660,0.16500000000000015,14.019482760000002,-2301.2320000000004
660,661,0.16500000000000015,14.036487120000004,-2301.0670000000005
661,662,-0.832999999999999,14.059515120000004,-2301.9000000000005
662,663,-0.832999999999999,13.991509800000005,-2302.7330000000006
663,664,-0.832999999999999,13.942957080000006,-2303.5660000000007
664,665,0.1640000000000007,13.855620360000007,-2303.4020000000005
665,666,-0.8349999999999994,13.836095040000004,-2304.2370000000005
666,667,-0.7279999999999994,13.865158800000003,-2304.9650000000006
667,668,-1.7260000000000002,13.827514080000004,-2306.6910000000007
668,669,-1.7260000000000002,13.786209120000004,-2308.417000000001
669,670,-0.7280000000000002,13.763181120000004,-2309.145000000001
670,671,0.26899999999999935,13.712228640000003,-2308.876000000001
671,672,0.2689999999999997,13.712228640000003,-2308.6070000000013
672,673,-0.7310000000000002,13.660088400000003,-2309.3380000000016
673,674,-0.7310000000000002,13.643084040000003,-2310.069000000002
674,675,-0.6809999999999995,13.635775680000005,-2310.750000000002
675,676,0.2119999999999994,13.658852160000004,-2310.538000000002
676,677,-0.7859999999999996,13.572654720000006,-2311.324000000002
677,678,-0.7859999999999996,13.555650360000005,-2312.110000000002
678,679,-0.7850000000000001,13.475585640000007,-2312.895000000002
679,680,-0.7850000000000001,13.407580320000008,-2313.6800000000017
680,681,-0.7850000000000001,13.247450880000008,-2314.4650000000015
681,682,-0.7850000000000001,13.156466040000009,-2315.2500000000014
682,683,0.21400000000000008,12.99514884000001,-2315.0360000000014
683,684,0.10699999999999987,12.80709492000001,-2314.9290000000015
684,685,0.10699999999999987,12.66510912000001,-2314.8220000000015
685,686,0.10699999999999987,12.520735680000008,-2314.7150000000015
686,687,0.0,12.332681760000009,-2314.7150000000015
687,688,0.0,12.19314420000001,-2314.7150000000015
688,689,0.9990000000000002,12.03182700000001,-2313.7160000000017
689,690,0.9990000000000002,11.83161672000001,-2312.717000000002
690,691,0.9990000000000002,11.65077420000001,-2311.718000000002
691,692,0.9990000000000002,11.49178404000001,-2310.7190000000023
692,693,0.9999999999999997,11.272181760000008,-2309.7190000000023
693,694,1.999,11.110864560000008,-2307.7200000000025
694,695,1.999,11.002887480000009,-2305.7210000000027
695,696,1.999,10.843897320000009,-2303.722000000003
696,697,2.9979999999999993,10.68258012000001,-2300.724000000003
697,698,2.9979999999999993,10.54059432000001,-2297.726000000003
698,699,2.9979999999999993,10.398608520000009,-2294.728000000003
699,700,2.9979999999999993,10.239618360000007,-2291.7300000000027
700,701,2.9989999999999997,10.020016080000007,-2288.731000000003
701,702,2.9989999999999997,9.839173560000006,-2285.732000000003
702,703,3.9979999999999998,9.677856360000005,-2281.734000000003
703,704,3.9979999999999998,9.538318800000004,-2277.736000000003
704,705,3.9979999999999998,9.357476280000006,-2273.738000000003
705,706,4.048,9.210630360000007,-2269.6900000000032
706,707,4.048,9.051640200000007,-2265.6420000000035
707,708,5.046999999999999,8.890323000000006,-2260.5950000000034
708,709,5.046999999999999,8.782345920000004,-2255.5480000000034
709,710,5.046999999999999,8.582135640000002,-2250.5010000000034
710,711,5.046999999999999,8.442598080000003,-2245.4540000000034
711,712,4.0489999999999995,8.265415800000003,-2241.4050000000034
712,713,4.0489999999999995,8.106425640000003,-2237.3560000000034
713,714,4.0489999999999995,7.964439840000001,-2233.3070000000034
714,715,4.099,7.81759392,-2229.2080000000033
715,716,4.099,7.61738364,-2225.109000000003
716,717,3.1010000000000004,7.4402013600000005,-2222.008000000003
717,718,2.1029999999999998,7.26301908,-2219.905000000003
718,719,1.1029999999999998,7.05188868,-2218.802000000003
719,720,1.1029999999999998,6.89289852,-2217.699000000003
720,721,2.0999999999999996,6.7145769600000005,-2215.599000000003
721,722,2.0999999999999996,6.60659988,-2213.499000000003
722,723,2.0999999999999996,6.44760972,-2211.399000000003
723,724,2.0999999999999996,6.30807216,-2209.299000000003
724,725,2.0999999999999996,6.130938359999999,-2207.1990000000033
725,726,2.0999999999999996,5.9719482,-2205.0990000000033
726,727,3.0990000000000006,5.810631,-2202.000000000003
727,728,2.101,5.6334487200000005,-2199.899000000003
728,729,2.102,5.4138464399999995,-2197.797000000003
729,730,2.102,5.2548562799999985,-2195.6950000000033
730,731,1.1039999999999999,5.077673999999999,-2194.5910000000035
731,732,1.1039999999999999,4.950304919999999,-2193.4870000000037
732,733,1.1039999999999999,4.8229358399999995,-2192.383000000004
733,734,0.10599999999999987,4.64575356,-2192.2770000000037
734,735,0.10699999999999976,4.42615128,-2192.1700000000037
735,736,0.10699999999999976,4.26716112,-2192.0630000000037
736,737,0.10699999999999976,4.1591840399999995,-2191.9560000000038
737,738,0.10699999999999976,3.9116572799999996,-2191.849000000004
738,739,0.10699999999999976,3.7721197199999996,-2191.742000000004
739,740,0.10699999999999976,3.6131295599999995,-2191.635000000004
740,741,0.10699999999999976,3.4359957599999995,-2191.528000000004
741,742,0.10699999999999976,3.3450109199999996,-2191.421000000004
742,743,0.10699999999999976,3.0974841599999996,-2191.314000000004
743,744,0.10699999999999976,2.9203503599999996,-2191.207000000004
744,745,0.10699999999999976,2.8123732799999996,-2191.100000000004
745,746,0.10699999999999976,2.66799984,-2190.993000000004
746,747,0.10699999999999976,2.46778956,-2190.886000000004
747,748,0.10699999999999976,2.3768047199999995,-2190.779000000004
748,749,0.10699999999999976,2.2858198799999996,-2190.672000000004
749,750,0.10699999999999976,2.19483504,-2190.565000000004
750,751,1.1059999999999999,2.03351784,-2189.459000000004
751,752,0.9989999999999999,1.8454639199999998,-2188.460000000004
752,753,0.9989999999999999,1.7059263599999999,-2187.4610000000043
753,754,0.9989999999999999,1.5663888,-2186.4620000000045
754,755,0.0009999999999998899,1.38920652,-2186.4610000000043
755,756,0.0009999999999998899,1.2618374399999999,-2186.460000000004
756,757,1.0,1.1005202399999998,-2185.460000000004
757,758,1.0,0.9415300799999999,-2184.460000000004
758,759,1.0,0.7995442799999999,-2183.460000000004
759,760,1.0,0.6600067199999999,-2182.460000000004
760,761,0.0,0.44887632,-2182.460000000004
761,762,0.0,0.35789148,-2182.460000000004
762,763,0.0,0.23052240000000002,-2182.460000000004
763,764,0.0,0.09098484,-2182.460000000004
